sanjaykumar@Sanjays-MacBook-Air hotel_billing % mysql -u root -p

Enter password: 
Welcome to the MySQL monitor.  Commands end with ; or \g.
Your MySQL connection id is 196
Server version: 9.5.0 MySQL Community Server - GPL

Copyright (c) 2000, 2025, Oracle and/or its affiliates.

Oracle is a registered trademark of Oracle Corporation and/or its
affiliates. Other names may be trademarks of their respective
owners.

Type 'help;' or '\h' for help. Type '\c' to clear the current input statement.

mysql> use hotel_db
Reading table information for completion of table and column names
You can turn off this feature to get a quicker startup with -A

Database changed
mysql> SHOW TABLES;
+-----------------------+
| Tables_in_hotel_db    |
+-----------------------+
| audit_log             |
| category              |
| employee              |
| invoice               |
| invoice_item          |
| payment               |
| product               |
| product_price_history |
| refresh_token         |
| role                  |
| tax_slab              |
| user_account          |
+-----------------------+
12 rows in set (0.002 sec)

mysql> SELECT * FROM employee;
+----+----------------------------+------------+---------------+------------+-------------+-----------------+-----------+---------------------+---------------------+
| id | full_name                  | phone      | employee_code | hire_date  | designation | user_account_id | is_active | created_at          | updated_at          |
+----+----------------------------+------------+---------------+------------+-------------+-----------------+-----------+---------------------+---------------------+
|  1 | John Doe                   | 9999999999 | W001          | 2025-11-10 | Waiter      |            NULL |         1 | 2025-11-10 16:06:27 | 2025-11-10 16:06:27 |
|  2 | John Smith                 | 9999999990 | W002          | 2024-11-10 | Manager     |            NULL |         1 | 2025-11-10 16:17:11 | 2025-11-10 16:17:11 |
|  3 | Test Employee 251110215253 | 8888888888 | T251110215253 | 2025-11-10 | Waiter      |            NULL |         1 | 2025-11-10 16:22:54 | 2025-11-10 16:22:54 |
|  4 | Test Employee 251110215755 | 8888888888 | T251110215755 | 2025-11-10 | Waiter      |            NULL |         1 | 2025-11-10 16:27:56 | 2025-11-10 16:27:56 |
|  5 | Test Employee 251110220100 | 8888888888 | T251110220100 | 2025-11-10 | Waiter      |            NULL |         1 | 2025-11-10 16:31:01 | 2025-11-10 16:31:01 |
|  6 | Test Employee 251110221757 | 8888888888 | T251110221757 | 2025-11-10 | Waiter      |            NULL |         1 | 2025-11-10 16:47:57 | 2025-11-10 16:47:57 |
|  7 | Test Employee 251110222002 | 8888888888 | T251110222002 | 2025-11-10 | Waiter      |            NULL |         1 | 2025-11-10 16:50:02 | 2025-11-10 16:50:02 |
|  8 | Test Employee 251110222117 | 8888888888 | T251110222117 | 2025-11-10 | Waiter      |            NULL |         1 | 2025-11-10 16:51:17 | 2025-11-10 16:51:17 |
|  9 | Test Employee 251110222406 | 8888888888 | T251110222406 | 2025-11-10 | Waiter      |            NULL |         1 | 2025-11-10 16:54:07 | 2025-11-10 16:54:07 |
| 10 | Test Employee 251110223939 | 8888888888 | T251110223939 | 2025-11-10 | Waiter      |            NULL |         1 | 2025-11-10 17:09:39 | 2025-11-10 17:09:39 |
| 11 | Test Employee 251110224104 | 8888888888 | T251110224104 | 2025-11-10 | Waiter      |            NULL |         1 | 2025-11-10 17:11:04 | 2025-11-10 17:11:04 |
| 12 | Test Employee 251110224153 | 8888888888 | T251110224153 | 2025-11-10 | Waiter      |            NULL |         1 | 2025-11-10 17:11:54 | 2025-11-10 17:11:54 |
| 13 | Test Employee 251110224319 | 8888888888 | T251110224319 | 2025-11-10 | Waiter      |            NULL |         1 | 2025-11-10 17:13:20 | 2025-11-10 17:13:20 |
| 14 | Test Employee 251110224655 | 8888888888 | T251110224655 | 2025-11-10 | Waiter      |            NULL |         1 | 2025-11-10 17:16:56 | 2025-11-10 17:16:56 |
| 15 | Test Employee 251110224719 | 8888888888 | T251110224719 | 2025-11-10 | Waiter      |            NULL |         1 | 2025-11-10 17:17:19 | 2025-11-10 17:17:19 |
| 16 | Test Employee 251110225113 | 8888888888 | T251110225113 | 2025-11-10 | Waiter      |            NULL |         1 | 2025-11-10 17:21:13 | 2025-11-10 17:21:13 |
| 17 | Test Employee 251110225423 | 8888888888 | T251110225423 | 2025-11-10 | Waiter      |            NULL |         1 | 2025-11-10 17:24:23 | 2025-11-10 17:24:23 |
| 18 | Sanjay                     | NULL       | M101          | NULL       | Manager     |            NULL |         1 | 2025-11-10 17:35:36 | 2025-11-10 17:35:36 |
| 19 | Test Employee 251110231657 | 8888888888 | T251110231657 | 2025-11-10 | Waiter      |            NULL |         1 | 2025-11-10 17:46:58 | 2025-11-10 17:46:58 |
+----+----------------------------+------------+---------------+------------+-------------+-----------------+-----------+---------------------+---------------------+
19 rows in set (0.001 sec)

mysql> SELECT * FROM product;
+----+----------------+------------------------+-------------+--------------------+-------------+-----------+---------------------+---------------------+
| id | sku            | name                   | category_id | current_unit_price | tax_slab_id | is_active | created_at          | updated_at          |
+----+----------------+------------------------+-------------+--------------------+-------------+-----------+---------------------+---------------------+
|  1 | P001           | Paneer Butter Masala   |        NULL |             200.00 |           2 |         1 | 2025-11-10 16:06:33 | 2025-11-10 16:06:33 |
|  2 | TD251110215253 | Test Dish 251110215253 |        NULL |             150.00 |           2 |         1 | 2025-11-10 16:22:54 | 2025-11-10 16:22:54 |
|  3 | TD251110215755 | Test Dish 251110215755 |        NULL |             150.00 |           2 |         1 | 2025-11-10 16:27:56 | 2025-11-10 16:27:56 |
|  4 | TD251110220101 | Test Dish 251110220101 |        NULL |             150.00 |           2 |         1 | 2025-11-10 16:31:01 | 2025-11-10 16:31:01 |
|  5 | TD251110221757 | Test Dish 251110221757 |        NULL |             150.00 |           2 |         1 | 2025-11-10 16:47:57 | 2025-11-10 16:47:57 |
|  6 | TD251110222002 | Test Dish 251110222002 |        NULL |             150.00 |           2 |         1 | 2025-11-10 16:50:02 | 2025-11-10 16:50:02 |
|  7 | TD251110222117 | Test Dish 251110222117 |        NULL |             150.00 |           2 |         1 | 2025-11-10 16:51:17 | 2025-11-10 16:51:17 |
|  8 | TD251110222406 | Test Dish 251110222406 |        NULL |             150.00 |           2 |         1 | 2025-11-10 16:54:07 | 2025-11-10 16:54:07 |
|  9 | TD251110223939 | Test Dish 251110223939 |        NULL |             150.00 |           2 |         1 | 2025-11-10 17:09:39 | 2025-11-10 17:09:39 |
| 10 | TD251110224104 | Test Dish 251110224104 |        NULL |             150.00 |           2 |         1 | 2025-11-10 17:11:04 | 2025-11-10 17:11:04 |
| 11 | TD251110224153 | Test Dish 251110224153 |        NULL |             150.00 |           2 |         1 | 2025-11-10 17:11:54 | 2025-11-10 17:11:54 |
| 12 | TD251110224320 | Test Dish 251110224320 |        NULL |             150.00 |           2 |         1 | 2025-11-10 17:13:20 | 2025-11-10 17:13:20 |
| 13 | TD251110224655 | Test Dish 251110224655 |        NULL |             150.00 |           2 |         1 | 2025-11-10 17:16:56 | 2025-11-10 17:16:56 |
| 14 | TD251110224719 | Test Dish 251110224719 |        NULL |             150.00 |           2 |         1 | 2025-11-10 17:17:20 | 2025-11-10 17:17:20 |
| 15 | TD251110225113 | Test Dish 251110225113 |        NULL |             150.00 |           2 |         1 | 2025-11-10 17:21:13 | 2025-11-10 17:21:13 |
| 16 | TD251110225423 | Test Dish 251110225423 |        NULL |             150.00 |           2 |         1 | 2025-11-10 17:24:23 | 2025-11-10 17:24:23 |
| 18 | TD251110231657 | Test Dish 251110231657 |        NULL |             150.00 |           2 |         1 | 2025-11-10 17:46:58 | 2025-11-10 17:46:58 |
+----+----------------+------------------------+-------------+--------------------+-------------+-----------+---------------------+---------------------+
17 rows in set (0.001 sec)

mysql> SELECT * FROM tax_slab;
+----+-------+---------+
| id | rate  | name    |
+----+-------+---------+
|  1 |  0.00 | GST 0%  |
|  2 |  5.00 | GST 5%  |
|  3 | 18.00 | GST 18% |
+----+-------+---------+
3 rows in set (0.001 sec)

mysql> SELECT * FROM invoice;
+----+------------------+------------+---------------------+-----------+--------------+-------+--------------+------------+-------------+
| id | invoice_number   | created_by | created_at          | status    | total_amount | notes | table_number | order_type | employee_id |
+----+------------------+------------+---------------------+-----------+--------------+-------+--------------+------------+-------------+
|  5 | TINV251110215253 |       NULL | 2025-11-10 16:22:54 | finalized |       315.00 | NULL  | T1           | dine-in    |           3 |
| 15 | TINV251110224153 |       NULL | 2025-11-10 17:11:54 | finalized |       315.00 | NULL  | T1           | dine-in    |          12 |
| 16 | TINV251110224320 |       NULL | 2025-11-10 17:13:20 | finalized |       315.00 | NULL  | T1           | dine-in    |          13 |
| 17 | TINV251110224656 |       NULL | 2025-11-10 17:16:56 | finalized |       315.00 | NULL  | T1           | dine-in    |          14 |
| 18 | TINV251110224719 |       NULL | 2025-11-10 17:17:20 | finalized |       315.00 | NULL  | T1           | dine-in    |          15 |
| 19 | TINV251110225113 |       NULL | 2025-11-10 17:21:13 | paid      |       315.00 | NULL  | T1           | dine-in    |          16 |
| 20 | TINV251110225423 |       NULL | 2025-11-10 17:24:23 | paid      |       315.00 | NULL  | T1           | dine-in    |          17 |
| 21 | TINV251110231657 |       NULL | 2025-11-10 17:46:58 | paid      |       315.00 | NULL  | T1           | dine-in    |          19 |
+----+------------------+------------+---------------------+-----------+--------------+-------+--------------+------------+-------------+
8 rows in set (0.001 sec)

mysql> SELECT * FROM invoice_item;
+----+------------+------------+-------------+----------+------------+----------+-----------------+---------------------+-----------------+---------------------+
| id | invoice_id | product_id | description | quantity | unit_price | tax_rate | discount_amount | line_total_excl_tax | line_tax_amount | line_total_incl_tax |
+----+------------+------------+-------------+----------+------------+----------+-----------------+---------------------+-----------------+---------------------+
|  2 |          5 |          2 | Test Dish   |     2.00 |     150.00 |     5.00 |            0.00 |              300.00 |           15.00 |              315.00 |
| 12 |         15 |         11 | Test Dish   |     2.00 |     150.00 |     5.00 |            0.00 |              300.00 |           15.00 |              315.00 |
| 13 |         16 |         12 | Test Dish   |     2.00 |     150.00 |     5.00 |            0.00 |              300.00 |           15.00 |              315.00 |
| 14 |         17 |         13 | Test Dish   |     2.00 |     150.00 |     5.00 |            0.00 |              300.00 |           15.00 |              315.00 |
| 15 |         18 |         14 | Test Dish   |     2.00 |     150.00 |     5.00 |            0.00 |              300.00 |           15.00 |              315.00 |
| 16 |         19 |         15 | Test Dish   |     2.00 |     150.00 |     5.00 |            0.00 |              300.00 |           15.00 |              315.00 |
| 17 |         20 |         16 | Test Dish   |     2.00 |     150.00 |     5.00 |            0.00 |              300.00 |           15.00 |              315.00 |
| 18 |         21 |         18 | Test Dish   |     2.00 |     150.00 |     5.00 |            0.00 |              300.00 |           15.00 |              315.00 |
+----+------------+------------+-------------+----------+------------+----------+-----------------+---------------------+-----------------+---------------------+
8 rows in set (0.001 sec)

mysql> SELECT * FROM payment;
+----+------------+---------------------+--------+--------+----------------------+
| id | invoice_id | paid_at             | amount | method | reference            |
+----+------------+---------------------+--------+--------+----------------------+
|  1 |         19 | 2025-11-10 17:21:13 | 315.00 | cash   | PAY-TINV251110225113 |
|  2 |         20 | 2025-11-10 17:24:24 | 315.00 | cash   | PAY-TINV251110225423 |
|  3 |         21 | 2025-11-10 17:46:58 | 315.00 | cash   | PAY-TINV251110231657 |
+----+------------+---------------------+--------+--------+----------------------+
3 rows in set (0.001 sec)

mysql> 